{
  "project_info": {
    "project_number": "314763111447",
    "firebase_url": "https://digital-mr-79359.firebaseio.com",
    "project_id": "digital-mr-79359",
    "storage_bucket": "digital-mr-79359.appspot.com"
  },
  "client": [
    {
      "client_info": {
        "mobilesdk_app_id": "1:314763111447:android:81c0967c6d409bcf304052",
        "android_client_info": {
          "package_name": "com.example.digitalmr"
        }
      },
      "oauth_client": [
        {
          "client_id": "314763111447-vs41422a2k45dk0rd9h2buluefalt1h6.apps.googleusercontent.com",
          "client_type": 3
        }
      ],
      "api_key": [
        {
          "current_key": "AIzaSyALLxHRgFOOzbiErO6P4G9aGbGt_zr_bK8"
        }
      ],
      "services": {
        "appinvite_service": {
          "other_platform_oauth_client": [
            {
              "client_id": "314763111447-vs41422a2k45dk0rd9h2buluefalt1h6.apps.googleusercontent.com",
              "client_type": 3
            }
          ]
        }
      }
    }
  ],
  "configuration_version": "1"
}